"","QRP","mean","CI","SD"
"97.5%","correct_practices",0.0499066666666667,0.0524158333333333,0.00152021765823025
"97.5%1","round_p_values",0.0583666666666667,0.0602858333333333,0.00124424601592617
"97.5%2","sequential_testing",0.227006666666667,0.232404166666667,0.00283338997764729
"97.5%3","remove_outliers",0.0803433333333333,0.0828283333333333,0.00182729983619493
