"","QRP","mean","CI","SD"
"97.5%","correct_practices",0.0495166666666667,0.0508016666666667,0.000791661793357319
"97.5%1","round_p_values",0.0581933333333333,0.0598958333333333,0.00149804811276145
"97.5%2","sequential_testing",0.04968,0.0512533333333333,0.00084198472171705
"97.5%3","remove_outliers",0.0505966666666667,0.0518583333333333,0.00106103257417329
"97.5%4","multiple_dependent_variables",0.0504433333333333,0.0515516666666667,0.000865961251378424
"97.5%5","specific_levels_reporting",0.0499266666666667,0.0513216666666667,0.00112566030005109
"97.5%6","remove_covariates",0.0497166666666667,0.05173,0.00114668066313594
